  super_book_code,  super_book_title,  keywords,  parisian_keyword,Illegality
spbk0000038,Agronome (l'): ou Dictionnaire portatif du cultivateur,,,Permitted work (permission simple)
spbk0000040,"Albert moderne (l'), ou Nouveaux secrets éprouvés",,,Permitted work (permission simple)
spbk0000056,Ame (l') élevée à dieu par les réflexions et les sentimens,,,Permitted work (permission simple)
spbk0000069,Ami (l') des enfans,,,Permitted work (permission simple)
spbk0000129,"Appendix de Diis et heroibus poeticis, ou abrégé de l'histoire poétique",,,Permitted work (permission simple)
spbk0000137,Arithmétique de le Gendre,,,Permitted work (permission simple)
spbk0000180,Avis au peuple [sur sa santé] par M Tissot,,,Permitted work (permission simple)
spbk0000241,Parfait (le) bouvier,,,Permitted work (permission simple)
spbk0000315,Chefs (les) d'oeuvres de Molière,,,Permitted work (permission simple)
spbk0000333,Histoire de Miss Clarisse Harlowe,,,Permitted work (permission simple)
spbk0000382,Confidence d'une jolie femme,,,Permitted work (permission simple)
spbk0000527,Dictionnaire abrégé de la fable,,,Permitted work (permission simple)
spbk0000536,"Dictionnaire français et latin, de Joubert",,,Permitted work (permission simple)
spbk0000588,"Discours sur l'histoire universelle, de Bossuet",,,Permitted work (permission simple)
spbk0000619,Doyen (Le) de Killerine,,,Permitted work (permission simple)
spbk0000714,Abrégé de toutes les sciences à l'usage des enfans,,,Permitted work (permission simple)
spbk0000741,Colloques choises d'Erasme,,,Permitted work (permission simple)
spbk0000754,Esprit (l') de Henri IV,,,Permitted work (permission simple)
spbk0000865,Eutropii breviarum historiae romanae,,,Permitted work (permission simple)
spbk0000950,Géographie de Buffier,,,Permitted work (permission simple)
spbk0000972,Principes généraux et raisonnés de la grammaire française,,,Permitted work (permission simple)
spbk0000982,"Nouvelles [lettres] anglaises, ou Histoire du chevalier Grandisson [Grandison], etc",,,Permitted work (permission simple)
spbk0001001,"Géographie des enfans, ou méthode abrégée de la géographie",,,Permitted work (permission simple)
spbk0001022,"Henriade (la) de Voltaire, [avec] les variantes [et] avec les poèmes des bataillies de Fontenoy et de Lauvfled",,,Permitted work (permission simple)
spbk0001056,Histoire de Dom Quichotte avec des figures,,,Permitted work (permission simple)
spbk0001076,"Histoire du maréchal de Saxe, par le baron d'Espagnac",,,Permitted work (permission simple)
spbk0001085,"Histoire de Tom Jones, ou l'Enfant trouvé",,,Permitted work (permission simple)
spbk0001132,Histoire des révolutions romaines,,,Permitted work (permission simple)
spbk0001137,"Histoire de Charles XII, roi de Suède",,,Permitted work (permission simple)
spbk0001178,"Histoire poétique, par le P. Gautruche",,,Permitted work (permission simple)
spbk0001216,Horatii opera,,,Permitted work (permission simple)
spbk0001216,"Horatii Flacci opera juxta exemplar ad usum serenissimi Delphini, cum notis, & c",,,Permitted work (permission simple)
spbk0001220,Nouvelle Héloïse (La),,,Permitted work (permission simple)
spbk0001228,Iliade d'Homère,,,Permitted work (permission simple)
spbk0001230,"De Imitatione JC. [Jesu Christi], libri quatuor",,,Permitted work (permission simple)
spbk0001257,"Instruction sur l'histoire de France et romaine, par M. Le Ragois",,,Permitted work (permission simple)
spbk0001287,Jardinière (la) de Vincennes,,,Permitted work (permission simple)
spbk0001289,Gerusalemme (La) liberato fi torquato Tasso,,,Permitted work (permission simple)
spbk0001326,Justinus De historiis Philippicis,,,Permitted work (permission simple)
spbk0001384,Lettres péruviennes de madame Graffigny,,,Permitted work (permission simple)
spbk0001399,Vie et lettres de Ninon de L'Enclos,,,Permitted work (permission simple)
spbk0001412,Lettres de madame de Sévigné,,,Permitted work (permission simple)
spbk0001479,Lucrèce,,,Permitted work (permission simple)
spbk0001498,Magasin (le) des pauvres,,,Permitted work (permission simple)
spbk0001501,Nouvelle maison (la) rustique,,,Permitted work (permission simple)
spbk0001518,"Manuel (le) des dames de charité, etc",,,Permitted work (permission simple)
spbk0001538,"Parfait marchal (le), ou la Connaissance générale et universalle du cheval, par Garsualt, avec figures",,,Permitted work (permission simple)
spbk0001579,"Mille et un jour, contes persans, etc",,,Permitted work (permission simple)
spbk0001580,"Mille et un nuit, contes arabes, etc",,,Permitted work (permission simple)
spbk0001649,"Mémoires d'une reine infortunée, etc",,,Permitted work (permission simple)
spbk0001655,Mémoires de Duguay Trouin,,,Permitted work (permission simple)
spbk0001663,"Mémoires de madame de Staal, écrits par elle-même",,,Permitted work (permission simple)
spbk0001742,"Nymphomanie (la), ou Traité des fureurs utérines",,,Permitted work (permission simple)
spbk0001792,"Oeuvres d'Homère, traduites par madame Dacier",,,Permitted work (permission simple)
spbk0001802,Oeuvres complettes de Détouche,,,Permitted work (permission simple)
spbk0001805,Oeuvres de Gresset,,,Permitted work (permission simple)
spbk0001809,Oeuvres de Racine,,,Permitted work (permission simple)
spbk0001819,Chefs-d'oeuvres (les) des [deux] Corneille,,,Permitted work (permission simple)
spbk0001861,Opuscales du chevalier de Parny,,,Permitted work (permission simple)
spbk0001872,"Orlando Furioso, di l'Ariosto [sic]",,,Permitted work (permission simple)
spbk0001873,"Orpheline anglaise (l'), ou Histoire de Charlotte Summers, etc., par M. Laplace",,,Permitted work (permission simple)
spbk0001878,"Paméla, ou la Vertu récompensée, etc",,,Permitted work (permission simple)
spbk0001881,Paradis (le) perdu de Milton,,,Permitted work (permission simple)
spbk0001894,Paysanne parvenue,,,Permitted work (permission simple)
spbk0001897,"Pensées du comte d'Oxenstirn sur divers sujets, avec etc",,,Permitted work (permission simple)
spbk0001911,"Philosophe (le) anglois, ou Histoire de M. Cleveland",,,Permitted work (permission simple)
spbk0001964,"Poésies d'Horace, traduites en françois par Le Batteux",,,Permitted work (permission simple)
spbk0002112,"Richardet, poeme",,,Permitted work (permission simple)
spbk0002124,"Roman comique, de Scaron",,,Permitted work (permission simple)
spbk0002153,"Sacrifices (les) de l'amour, ou Lettres de la Vicomtesse de Senanges, et du chevalier de Versenai",,,Permitted work (permission simple)
spbk0002173,Science des négociants,,,Permitted work (permission simple)
spbk0002176,Nouveau secrétaire du cabinet (le),,,Permitted work (permission simple)
spbk0002176,Nouveau (le) secrétaire de la cour,,,Permitted work (permission simple)
spbk0002176,Nouveau (le) secrétaire de la cour,,,Permitted work (permission simple)
spbk0002183,Office de la semaine sainte (l') selon le misel et bréviaire romain,,,Permitted work (permission simple)
spbk0002317,"Théatre de Voltaire, nouvelle édition",,,Permitted work (permission simple)
spbk0002367,Delle dellitti et delle pene [Dei delitti e delle pene],,,Permitted work (permission simple)
spbk0002424,"Vie (la) de Marianne, ou les Aventures de madame la comtesse de ***",,,Permitted work (permission simple)
spbk0002429,Epitome vitarum Plutarchi,,,Permitted work (permission simple)
spbk0002445,"Publii Virgilii Maronis opera, cum perpetua interpretatione Stirling et notis, etc ",,,Permitted work (permission simple)
spbk0002445,Virgilii (P.) Maronis opera omnia,,,Permitted work (permission simple)
spbk0002445,"Oeuvres de Virgile, trad.es [traduites] en français par l'abbé Desfontaines",,,Permitted work (permission simple)
spbk0002445,"Virgile latin et français, traduction de S. Rémi",,,Permitted work (permission simple)
spbk0002500,Voyages du capitaine Gulliver,,,Permitted work (permission simple)
spbk0002560,"Fables de Phaedre, latin et français",,,Permitted work (permission simple)
spbk0002573,"Histoires choisies des auteurs profanes, latin et français",,,Permitted work (permission simple)
spbk0002695,Dictionnaire portatif de santé,,,Permitted work (permission simple)
spbk0002700,"Malheurs (Les) de l'inconstance, ou Lettres e la marqise de Sircé et du comte de Mirabelle",,,Permitted work (permission simple)
spbk0002818,"Aventures (les) de Telemaques [sic], en anglais",,,Permitted work (permission simple)
spbk0002877,De officiis libri tres,,,Permitted work (permission simple)
spbk0002877,Offices de Cicéron (les) avec les livres de l'amitié et de la vieillesse en latin,,,Permitted work (permission simple)
spbk0002891,Abrégé de l'Histoire romaine,,,Permitted work (permission simple)
spbk0002922,Dictionnaire des anecdotes,,,Permitted work (permission simple)
spbk0002953,"Edelzinde, fille d'Amalazonte, reine des Goths",,,Permitted work (permission simple)
spbk0002969,Histoire de Gil Blas de Santillane,,,Permitted work (permission simple)
spbk0002991,Onanisme (l') de M Tissot,,,Permitted work (permission simple)
spbk0002995,Arithmétique de Barême,,,Permitted work (permission simple)
spbk0003081,Oeuvres de Molière,,,Permitted work (permission simple)
spbk0003184,"Tableau de l'histoire moderne depuis la chute de l'empire d'occident jusqu'à la paix de Westphalie, par le chevalier de Méhégan",,,Permitted work (permission simple)
spbk0003186,Oeuvres de Crébillon,,,Permitted work (permission simple)
spbk0003348,"Hypolite, comte de Duglas",,,Permitted work (permission simple)
spbk0003411,Oeuvres de Chaulieu,,,Permitted work (permission simple)
spbk0003421,Vie (de la) et des actions d'Alexandre le Grand,,,Permitted work (permission simple)
spbk0003576,Oeuvres de Boileau,,,Permitted work (permission simple)
spbk0003638,Essai[s] de Montagne,,,Permitted work (permission simple)
spbk0003735,"Ovidii (Publii) Nasonis Metamorphoseon, libri",,,Permitted work (permission simple)
spbk0003789,Anecdote[s],,,Permitted work (permission simple)
spbk0003793,Epicteti Enchiridion,,,Permitted work (permission simple)
spbk0003889,"Cecilia, ou Mémoires d'un[e] héritière",,,Permitted work (permission simple)
spbk0003933,"Oeuvres complètes de Plutarque, etc",,,Permitted work (permission simple)
spbk0003976,"Apparat royal, dictionnaire françois et latin",,,Permitted work (permission simple)
spbk0004002,Oeuvres de Bernard,,,Permitted work (permission simple)
spbk0004046,Mort (la) d'Abel de Gesner,,,Permitted work (permission simple)
spbk0004073,Comptes faits de Barême,,,Permitted work (permission simple)
spbk0004088,Cornelius Nepos,,,Permitted work (permission simple)
spbk0004155,Nouvel abrégé chronologique de l'histoire de France,,,Permitted work (permission simple)
spbk0004182,"Caloandre (le) fidèle, etc",,,Permitted work (permission simple)
spbk0004216,Gradus ad Parnassum,,,Permitted work (permission simple)
spbk0004222,"Caroline de Lichtfield, par Made***, publié par le traducteur de Wether",,,Permitted work (permission simple)
spbk0004287,"Entretiens sur la pluralité des mondes, par M. de Fontenelle",,,Permitted work (permission simple)
spbk0004313,Journée du chrétien sanctifiée par la prière,,,Permitted work (permission simple)
spbk0004314,Ange (l') conducteur dans la dévotion chrétienne,,,Permitted work (permission simple)
spbk0004373,Oeuvres de Vadé,,,Permitted work (permission simple)
spbk0004376,"Aminta, favola boscareccia di Torquato Tasso",,,Permitted work (permission simple)
spbk0004405,"Poème de la religion, par Racine",,,Permitted work (permission simple)
spbk0004496,Cyropédie de Xénophon,,,Permitted work (permission simple)
spbk0004573,"Considérations sur les causes de la grandeur des Romains et de leur décadence, par M. le P.t [président] de Montesquieu; a 'Nouvelle édition, avec le Dialogue de S[c]illa et d;Eucrate'",,,Permitted work (permission simple)
spbk0004625,"Histoire de Pierre Terrail, dit le chevalier Bayard, par M. Guyard de Berille",,,Permitted work (permission simple)
spbk0004637,Mémoires de Forbin,,,Permitted work (permission simple)
spbk0004667,Siècle de Louis XIV avec un précis du siècle de Louis XV,,,Permitted work (permission simple)
spbk0004708,"Nouveau dictionnaire historique portatif, ou Histoire abrégée de tous les hommes qui se sont fait un nom par des talens, des vertus des fortaits, des erreurs, etc., depuis le commencement du monde jusqu'à nos jours, avec les tables chronologiques, etc",,,Permitted work (permission simple)
spbk0004722,Chefs d'oeuvres (les) dramatiques de Voltaire,,,Permitted work (permission simple)
spbk0004723,Oraisons funèbres de Fléchier et Bossuet,,,Permitted work (permission simple)
spbk0004726,"Traduction de Velleius Paterculus, par M. Paul",,,Permitted work (permission simple)
spbk0004738,Connoissance de la mithologie [mythologie] par demandes et par résponses,,,Permitted work (permission simple)
spbk0004740,"Ecolier (l') vertueux, ou Vie édifiante, etc",,,Permitted work (permission simple)
spbk0004743,Taciti (C. Cornelii) quae extant opera,,,Permitted work (permission simple)
spbk0004748,"Rhétorique française, de Crevier",,,Permitted work (permission simple)
spbk0004851,"Histoire de Bertrand du Guesclin, comte de Longueville, connétable de France, par M. Guyard de Berille [sic]",,,Permitted work (permission simple)
spbk0004929,Grammaire anglaise et française par M.rs Miège et Boyer,,,Permitted work (permission simple)
spbk0004955,Opere dramatiche e liriche del signor abate Metastasio,,,Permitted work (permission simple)
spbk0004961,"Discours sur l'histoire ecclésiastique de M. l'abbé Fleury, confesseur du roi",,,Permitted work (permission simple)
spbk0005021,"Oeuvres de Gesner traduités en françois par M Hubert, avec figures",,,Permitted work (permission simple)
spbk0005080,Fables d'Esope,,,Permitted work (permission simple)
spbk0005096,"Paysan (Le) parvenu, ou Mémoires de M***",,,Permitted work (permission simple)
spbk0010000,[Epistolae selectae]: Ciceronis (M.T.) epistolae selectae,,,Permitted work (permission simple)
spbk0010001,"[Epistolae]: In Tullii Ciceronis epistolarum, libri IV",,,Permitted work (permission simple)
spbk0010002,Ciceronis orationes variae et opuscula ,,,Permitted work (permission simple)
spbk0010003,Ciceronis orationes cum appendica,,,Permitted work (permission simple)
spbk0010004,Abrégé de la méthode pratique pour converser avec dieu contenant diverses aspirations,,,Permitted work (permission simple)
spbk0010005,Abrégé de la nouvelle méthode,,,Permitted work (permission simple)
spbk0010006,"Abrégé de la pratique de la perfection chrétienne, du père Alphonse Rodriguez",,,Permitted work (permission simple)
spbk0010007,Old Testament / Ancien Testament (Catholic editions)  [Bible],,,Permitted work (permission simple)
spbk0010009,"Abrégé de l'histoire sainte avec des preuves de la religion, par demandes et par réponses",,,Permitted work (permission simple)
spbk0010010,"Abrégé des particules, etc",,,Permitted work (permission simple)
spbk0010011,"Abrégé des principes de la grammaire françoise, de l'arithmétiq. Lettres promesses; Lettres quittances etc. pour les écoles chrétiennes",,,Permitted work (permission simple)
spbk0010012,Abrégé des règles de la congrégation de l'immaculée conception de la bienheureuse vierge Marie,,,Permitted work (permission simple)
spbk0010013,Abrégé du catéchisme de Trèves,,,Permitted work (permission simple)
spbk0010014,"Abrégé du dictionnaire des cas de conscience de Pontas, par Collet",,,Permitted work (permission simple)
spbk0010015,"Accessus altaris, sive Dispositio ad missam",,,Permitted work (permission simple)
spbk0010016,"Adone (l'), poema heroico, del cavalier Gian Batista Marini",,,Permitted work (permission simple)
spbk0010017,Adresse de l'âme à son dieu,,,Permitted work (permission simple)
spbk0010018,Alphabet syllabique,,,Permitted work (permission simple)
spbk0010020,"Amant (L') de J. C. [Jésus Christ], ou Histoire de la vie et de la mort d'un ecclésiastique",,,Permitted work (permission simple)
spbk0010021,Amusemes curieux et divertissans propres à égayer l'esprit,,,Permitted work (permission simple)
spbk0010022,"Anti-Lucrèce, latin et français",,,Permitted work (permission simple)
spbk0010023,"Antiquités de la mation et e la langue des Celtes autrement appellez Gaulois, par le révérend père Duperron, etc",,,Permitted work (permission simple)
spbk0010024,"Arrêts de la cour du parlement de Toulouse, recueillis par Jean Albert, Avt [avocat]",,,Permitted work (permission simple)
spbk0010025,"Arrêts notables de Boniface avec les suites de Bonnet et de Berieux, etc",,,Permitted work (permission simple)
spbk0010026,Ars metrica,,,Permitted work (permission simple)
spbk0010027,Ars rhetorica,,,Permitted work (permission simple)
spbk0010028,Avis salutaire[s] d'un serviteur de dieu,,,Permitted work (permission simple)
spbk0010029,Baglivi: Opera medica,,,Permitted work (permission simple)
spbk0010030,Bible des noëls vieux et nouveaux,,,Permitted work (permission simple)
spbk0010031,"Bibliothèque des jeunes négociants, par Jean La Rue",,,Permitted work (permission simple)
spbk0010032,"Bibliothèque portative des pères, par Tricolet",,,Permitted work (permission simple)
spbk0010033,Bon paroissien (le),,,Permitted work (permission simple)
spbk0010034,Bouquet de la mission composé en faveur des peuples de campagne,,,Permitted work (permission simple)
spbk0010035,Bréviaire et missel romain à l'usage des laïques,,,Permitted work (permission simple)
spbk0010037,De bello gallico et civili commentarii,,,Permitted work (permission simple)
spbk0010038,Candidatus rhetoricae,,,Permitted work (permission simple)
spbk0010039,Cantiques de Marseille,,,Permitted work (permission simple)
spbk0010040,Cantiques spirituels à l'usage des catéchismes et des écoles chrétiennes,,,Permitted work (permission simple)
spbk0010041,Cantiques spirituels sur les principaux mystères de notre religion,,,Permitted work (permission simple)
spbk0010042,Cantiques syllabaires françois,,,Permitted work (permission simple)
spbk0010043,Caractères de la charité,,,Permitted work (permission simple)
spbk0010045,"Petit catéchisme historique: contenant en abrégé l'histoire sainte, & la doctrine chrétienne",,,Permitted work (permission simple)
spbk0010048,"Catéchisme, ou Instructions chrétiennes pour les nouveaux et nouvelles catholiques, par demandes et par réponses, avec prières du matin, etc",,,Permitted work (permission simple)
spbk0010049,Catechismus vonvilii tridentini,,,Permitted work (permission simple)
spbk0010050,Chemin du ciel,,,Permitted work (permission simple)
spbk0010051,"Chemin du ciel (le), ou la Voie que doivent suive les enfants pour y arriver",,,Permitted work (permission simple)
spbk0010052,"Chrétien intérieur (le), ou Sentiments que doivent avoir les chrétiens avec J.C. [Jésus Christ]",,,Permitted work (permission simple)
spbk0010053,"Chronologie des Etats-généraux où le tiers état est compris depuis l'an C. CCCXII jusqu'à MDCXV, au roi trés chrétien Louis XIII, p. [par] Savaron",,,Permitted work (permission simple)
spbk0010054,De natura deorum,,,Permitted work (permission simple)
spbk0010055,Ciceronis Libri rhetorici,,,Permitted work (permission simple)
spbk0010056,Oratio pro Archiâ Poetâ,,,Permitted work (permission simple)
spbk0010057,Oratio pro Marcello,,,Permitted work (permission simple)
spbk0010058,Ciceronis Orationes in Catilinam,,,Permitted work (permission simple)
spbk0010059,Ciceronis Paradoxa ad M. Brutum,,,Permitted work (permission simple)
spbk0010060,Ciceronis Sententiae selectae,,,Permitted work (permission simple)
spbk0010061,Ciceronis opera philosophica,,,Permitted work (permission simple)
spbk0010062,Civilité (La) qui se pratique en France parmi les honnêtes gens,,,Permitted work (permission simple)
spbk0010063,Code civil,,,Permitted work (permission simple)
spbk0010064,Code criminel,,,Permitted work (permission simple)
spbk0010065,Code marchand,,,Permitted work (permission simple)
spbk0010066,Collection des opuscules de M. l'abbé Fleury,,,Permitted work (permission simple)
spbk0010067,"Colloques du calvaire, ou Méditation[s] sur la passion",,,Permitted work (permission simple)
spbk0010068,Combat spirituel,,,Permitted work (permission simple)
spbk0010069,Commentaires sur l'édit du controlé,,,Permitted work (permission simple)
spbk0010070,"Compendium theologie universae quo ad usum examinandorum colegit R.P. Thomas, in provincia Lotharingiae capucinorum definitor, etc",,,Permitted work (permission simple)
spbk0010071,Concilium tridentinum,,,Permitted work (permission simple)
spbk0010072,"Conciones ex Salustii, Livii Taciti et Curtii collectae",,,Permitted work (permission simple)
spbk0010073,Conduite des âmes dans la voie du salut,,,Permitted work (permission simple)
spbk0010074,Conduite des confesseurs dans le tribunal de la pénitence selon les instructions de Charles Boromée et imprimée par ordre de l'évêque de B.,,,Permitted work (permission simple)
spbk0010075,Conduite d'une âme chrétienne,,,Permitted work (permission simple)
spbk0010076,Conduite d'une famille chrétienne formée sur celle de la sainte famille,,,Permitted work (permission simple)
spbk0010077,Conduite pour la confession et la communion,,,Permitted work (permission simple)
spbk0010078,"Conduite pour la confession et la communion pour les âmes soigneuses de leur salut, par saint François de Salles",,,Permitted work (permission simple)
spbk0010079,Conférences du père Daniel,,,Permitted work (permission simple)
spbk0010080,Confessions de Saint-Augustin,,,Permitted work (permission simple)
spbk0010081,"Conjuration de Venise, par l'abbé Saint-Réal",,,Permitted work (permission simple)
spbk0010082,Considérations chrétiennes en forme de méditiations pd. [pendant] tous les jours du mois,,,Permitted work (permission simple)
spbk0010083,"Constitutions de l'Angleterre, etc, par M. De Lolme",,,Permitted work (permission simple)
spbk0010084,"Contes à rire (les), ou Nouvelles récréations françoises",,,Permitted work (permission simple)
spbk0010085,Contrat (le) de l'homme avec dieu,,,Permitted work (permission simple)
spbk0010086,Conversations sur plusieurs sujets de morale dédiées à Saint-Cyr,,,Permitted work (permission simple)
spbk0010088,Corpus juris civilis [quo jus universum Justinianeum comprehenditur] cum notis Gothofredi,,,Permitted work (permission simple)
spbk0010089,Couronne de la vierge Marie,,,Permitted work (permission simple)
spbk0010090,Cours de prônes à l'usage des curés de la campagne,,,Permitted work (permission simple)
spbk0010091,Coutume d'Amiens commentée par Ricard,,,Permitted work (permission simple)
spbk0010092,Coutume de Paris,,,Permitted work (permission simple)
spbk0010094,Coutume générale de l'évéché de Metz et pays messin,,,Permitted work (permission simple)
spbk0010095,Coutume générale de Lorraine,,,Permitted work (permission simple)
spbk0010096,"Coutumes des pays, comté et baillage du Grand Perche, nouvelle édition revue et augmentée",,,Permitted work (permission simple)
spbk0010097,Coutumes générales et locales du pays et duché du Bourbonnais,,,Permitted work (permission simple)
spbk0010098,Dante (Le),,,Permitted work (permission simple)
spbk0010099,De favole novelle dell dottore Lorenzo Pignatelli,,,Permitted work (permission simple)
spbk0010100,"De la sobriété et de ses avantages, ou Conseil et moyens faciles, etc",,,Permitted work (permission simple)
spbk0010101,De officiis scholasticorum,,,Permitted work (permission simple)
spbk0010102,"Décisions du droit canonique et français par ordre alphabétique, etc, par Berton",,,Permitted work (permission simple)
spbk0010103,"Décisions du droit civil canonique et français par ordre alphabétique, etc, par Fromental",,,Permitted work (permission simple)
spbk0010104,Psalms / Psaumes / Psautier (Catholic editions) [Bible],,,Permitted work (permission simple)
spbk0010105,"Demosthenis de Corona Philipicae [Philippicae], olynthiaia [Olynthiacae]",,,Permitted work (permission simple)
spbk0010106,"Désespérés (Les), histoire héroïque, traduite de l'italien de Jean Ambroise Marini",,,Permitted work (permission simple)
spbk0010107,Devoirs des filles chrétiennes,,,Permitted work (permission simple)
spbk0010109,"Devoirs du chrétien (les) envers dieu et les moyens, etc",,,Permitted work (permission simple)
spbk0010110,Devoirs et exercices du chrétien,,,Permitted work (permission simple)
spbk0010111,"Devota exposito literalis et mistica totius missae ac caeremoniarum ejus ex variis auctoribus collecta,etc a R.P.P.F. Dioniscio [Dionisco?] a conceptione carm. exal. sac theologia lectore",,,Permitted work (permission simple)
spbk0010112,Dialogues de Lucien,,,Permitted work (permission simple)
spbk0010113,"Dictionnaire de droit et de pratique, par Ferrière",,,Permitted work (permission simple)
spbk0010114,Dictionnaire de pratique,,,Permitted work (permission simple)
spbk0010115,Dictionnaire des commençants,,,Permitted work (permission simple)
spbk0010117,Dictionnaire français et latin de Le Brun,,,Permitted work (permission simple)
spbk0010118,Dictionnaire grammatical,,,Permitted work (permission simple)
spbk0010119,Dictionnaire gréc,,,Permitted work (permission simple)
spbk0010120,"Dictionnaire historique, critique, &c de la Bible de dom Calmet",,,Permitted work (permission simple)
spbk0010121,Dictionnaire portatif des cas de conscience,,,Permitted work (permission simple)
spbk0010122,"Dictionnaire apostolique, par le père Montargon",,,Permitted work (permission simple)
spbk0010123,Dictonnaire botanique,,,Permitted work (permission simple)
spbk0010124,Directeur dans les voies du salut,,,Permitted work (permission simple)
spbk0010125,"Directeur portatif (le), apprenant la pratique des vertus chrétiennes",,,Permitted work (permission simple)
spbk0010126,"Discours familiers sur divers sujets de morale, par Henry, curé de Surice",,,Permitted work (permission simple)
spbk0010127,"Diurnal, ou Heures à l'usage des soeurs hospitalières de saint Charles à Nancy",,,Permitted work (permission simple)
spbk0010128,Divina comedia (La) di Dante Alighieri,,,Permitted work (permission simple)
spbk0010129,"Education des enfans, tradon [traduction] anglaise de Locke",,,Permitted work (permission simple)
spbk0010130,"Emmanueles Alvares Rudimenta lingua latinae grammatica sintaxis et prosodia, avec un traité de al langue greque, &c",,,Permitted work (permission simple)
spbk0010132,Entretiens avec Jésus-Christ dans le Très-Saint Sacrement de l'Autel,,,Permitted work (permission simple)
spbk0010133,"Entretiens spirituels pout instruire, consoler et exhorter les malades, etc., par Pontas",,,Permitted work (permission simple)
spbk0010134,"Epitome juris et legum romanorum, etc, autore Montvallon",,,Permitted work (permission simple)
spbk0010135,"Epîtres choisies de Cicéron, latin et français",,,Permitted work (permission simple)
spbk0010138,Etrennes chrétiennes,,,Permitted work (permission simple)
spbk0010139,Etrennes dévotes (les),,,Permitted work (permission simple)
spbk0010140,Etrennes du jour contenant la messe et prières pour la confession,,,Permitted work (permission simple)
spbk0010141,Etrennes spirituelles,,,Permitted work (permission simple)
spbk0010142,Eucolage à l'usage de Rome et d'Amiens,,,Permitted work (permission simple)
spbk0010145,Evénemens touchant la confession mal faite,,,Permitted work (permission simple)
spbk0010146,"Exercice de piété pour la communion, par le père Griffet",,,Permitted work (permission simple)
spbk0010147,Exercice pratique pour la confession et la communion,,,Permitted work (permission simple)
spbk0010148,Exercice[s] de la vie chrétienne,,,Permitted work (permission simple)
spbk0010149,"Exercice[s] de piété contenant le mois de mai, ou le mois de Marie",,,Permitted work (permission simple)
spbk0010150,"Exercices de l'âme, par l'abbé Clément",,,Permitted work (permission simple)
spbk0010151,Exercices de piété pour passer saintement tous les jours de sa vie,,,Permitted work (permission simple)
spbk0010152,Exercices du pénitent,,,Permitted work (permission simple)
spbk0010153,Exercices dur les sacremens de pénitence,,,Permitted work (permission simple)
spbk0010154,Exercices spirituels pour les pensionnaires des religieuses ursulines,,,Permitted work (permission simple)
spbk0010155,"Exhortations aux malades en leur administrant le saint viatique, par Pontas",,,Permitted work (permission simple)
spbk0010156,"Exhortations pour le baptême, les fiançailles, [le mariage et la bénédiction du lit nuptial, tirées de l'écriture et des pères], etc., par Pontas",,,Permitted work (permission simple)
spbk0010157,"Explication abrégée des coutumes et cérémonies des Romains, trade [traduite] du latin de Nieuport",,,Permitted work (permission simple)
spbk0010158,Explication des premières vérités de la religion,,,Permitted work (permission simple)
spbk0010159,"Exposition de la doctrine chrétienne, ou Instructions sur les ppales [principales] vétités de la religion où l'on traité d'étudier la religion, et des fins de l'espérance",,,Permitted work (permission simple)
spbk0010160,Faciles aditus ad linguam lat[inam],,,Permitted work (permission simple)
spbk0010161,Ferventes aspirations à dieu,,,Permitted work (permission simple)
spbk0010162,"Flambeau (le) des comptoirs, par M. Giraudeau",,,Permitted work (permission simple)
spbk0010163,Flambeau de la mer,,,Permitted work (permission simple)
spbk0010164,Formulaire de prières chrétiennes,,,Permitted work (permission simple)
spbk0010165,"Formulaire de prières chrétiennes, etc. à l'usage des Ursulines",,,Permitted work (permission simple)
spbk0010166,"Formulaire de prières pour passer saintemente la journée, etc",,,Permitted work (permission simple)
spbk0010167,Gémissements d'une âme pénitente tirés de l'écriture sainte et des saints pères,,,Permitted work (permission simple)
spbk0010168,Géographie dédiée à Mlle Crozat,,,Permitted work (permission simple)
spbk0010169,"Governement civil, par Locke, tradon [traduction] anglaise",,,Permitted work (permission simple)
spbk0010170,Graduel et autres livres de chant de la Feuillée,,,Permitted work (permission simple)
spbk0010171,Graduel romain pour les laïques,,,Permitted work (permission simple)
spbk0010172,"Grammaire anglaise, de Tho. Berry",,,Permitted work (permission simple)
spbk0010173,Grammaire grecque de Clenard,,,Permitted work (permission simple)
spbk0010174,Grammaire hébraïque de feu M. l'abbé Ladvocat,,,Permitted work (permission simple)
spbk0010175,"Grammaire latine et françoise, première et seconde partie, par M. de Than [ 'Dethan?' or 'de Thou']",,,Permitted work (permission simple)
spbk0010176,Grammatica hebraïca a punctis [or quinctis] aliisque inventis Massorethicis libera ,,,Permitted work (permission simple)
spbk0010177,Heures à l'usage d'Amiens et de Rome,,,Permitted work (permission simple)
spbk0010178,Heures à trois offices,,,Permitted work (permission simple)
spbk0010179,Heures de cour,,,Permitted work (permission simple)
spbk0010180,Heures de la congrégation de l'immaculée conception,,,Permitted work (permission simple)
spbk0010181,Heures de la congrégation des filles,,,Permitted work (permission simple)
spbk0010182,Heures de notre dame à l'usage de Rennes,,,Permitted work (permission simple)
spbk0010183,Heures de notre dame à l'usage des écoles,,,Permitted work (permission simple)
spbk0010184,Heures dédiées à madame la princesse,,,Permitted work (permission simple)
spbk0010185,Heures dédiées à monseigneur le dauphin,,,Permitted work (permission simple)
spbk0010186,"Heures dédiées au roi contenant les prières du matin, etc",,,Permitted work (permission simple)
spbk0010187,Heures dédiées au sacré coeur de Jésus,,,Permitted work (permission simple)
spbk0010188,"Heures des congrégations de la sainte vierge à l'usage du diocèse de Besançon, etc ",,,Permitted work (permission simple)
spbk0010189,Heures nouvelles,,,Permitted work (permission simple)
spbk0010190,Heures nouvelles à l'usage de Rome et d'Amiens,,,Permitted work (permission simple)
spbk0010191,Heures nouvelles à l'usage des congrégations de notre dame,,,Permitted work (permission simple)
spbk0010192,Heures nouvelles contenant les offices qui se disent à l'église pendant l'année en latin et en françois,,,Permitted work (permission simple)
spbk0010193,Heures nouvelles d'école,,,Permitted work (permission simple)
spbk0010195,Heures nouvelles dédiées à la reine,,,Permitted work (permission simple)
spbk0010196,Heures nouvelles dédiées à l'enfant Jésus,,,Permitted work (permission simple)
spbk0010197,Heures nouvelles dédiées à madame la chancellière,,,Permitted work (permission simple)
spbk0010198,Heures nouvelles dédiées à madame la dauphine,,,Permitted work (permission simple)
spbk0010199,Heures nouvelles dédiées à notre dame des hermites,,,Permitted work (permission simple)
spbk0010200,"Heures nouvelles dédiées à S. A. R. Madame, etc",,,Permitted work (permission simple)
spbk0010201,"Heures nouvelles, ou Prières choisies pour rendre la journée sainte",,,Permitted work (permission simple)
spbk0010202,Heures pour la confrérie du saint-sacrement en l'église de Pont-à-Mousson,,,Permitted work (permission simple)
spbk0010203,"Heures royales, ou Offices de l'église",,,Permitted work (permission simple)
spbk0010204,"Heures royales, ou Recueil de prières",,,Permitted work (permission simple)
spbk0010205,Histoire abrégée de l'ancien testament à l'usage des écoles,,,Permitted work (permission simple)
spbk0010206,Histoire abrégée du nouveau testament où sont contenues les principales actions de la vie de notre seigneur Jésus Christ pour la jeunesse chrétienne,,,Permitted work (permission simple)
spbk0010207,Histoire de la Ste [sainte] jeunesse de notre S.J.C. [Seigneur Jésus Christ],,,Permitted work (permission simple)
spbk0010208,Histoire de la vie de notre seigneur Jésus Christ,,,Permitted work (permission simple)
spbk0010209,"Histoire de l'ancien et du nouveau testament et des Juifs, pour servir d'introduction à l'histoire ecclésiastique de Fleury, par D. Calmet",,,Permitted work (permission simple)
spbk0010210,Histoire de l'église gallicane,,,Permitted work (permission simple)
spbk0010211,"Histoire de l'image miraculeuse de notre dame de Sion en Lorraine, avec une pratique de dévotion, par le père Trouillot",,,Permitted work (permission simple)
spbk0010212,Histoire de Malte,,,Permitted work (permission simple)
spbk0010213,Histoire de Saint Françoix Xavier,,,Permitted work (permission simple)
spbk0010214,"Histoire de Théodose le grand, par Fléchier",,,Permitted work (permission simple)
spbk0010215,"Histoire des amours de Théagène et de Chariclée, traduit du grec d'Héliodore par Jacques Amyot",,,Permitted work (permission simple)
spbk0010216,"Histoire des révolutions d'Angleterre, par le père d'Orléans",,,Permitted work (permission simple)
spbk0010217,"Histoire du vieux et du nouveau testament, de Royaumont, avec figures",,,Permitted work (permission simple)
spbk0010219,"Histoire romaine traduite de l'anglais, de Laurent Echard",,,Permitted work (permission simple)
spbk0010220,"Histoires choisies, ou Livre d'exemples tirés de l'écriture, etc",,,Permitted work (permission simple)
spbk0010221,"Histoires des variations, de Bossuet",,,Permitted work (permission simple)
spbk0010222,"Histoires édifantes et curieuses, tirées de meilleurs auteurs, avec des rflexions morales, etc",,,Permitted work (permission simple)
spbk0010223,Histoires et paraboles du père Bonaventure,,,Permitted work (permission simple)
spbk0010224,"Historia et concordia evangelica, etc",,,Permitted work (permission simple)
spbk0010225,Historiae ex libris Ciceronis de promptae,,,Permitted work (permission simple)
spbk0010226,Historiae ex M.T. Ciceronis operibus exerptae,,,Permitted work (permission simple)
spbk0010227,Historiae romanae breviarium,,,Permitted work (permission simple)
spbk0010228,Historiae romanae res memorabiles,,,Permitted work (permission simple)
spbk0010229,"Honi soit qui mal y pense, ou Histoire des filles célèbres du dix-huitième siècle",,,Permitted work (permission simple)
spbk0010230,Horatii (Q.) Flacci carmina expurgata,,,Permitted work (permission simple)
spbk0010231,Il faut mourir,,,Permitted work (permission simple)
spbk0010232,Il Pastor fido de cavalieri Guardini,,,Permitted work (permission simple)
spbk0010233,Il Pastor fido del signor Batista Guarini,,,Permitted work (permission simple)
spbk0010234,"Illustres Françaises (les), histoire véritable",,,Permitted work (permission simple)
spbk0010235,Imperator. Institutionum sinopsis,,,Permitted work (permission simple)
spbk0010236,Indiculus universalis,,,Permitted work (permission simple)
spbk0010237,"Institution du droit de légitime, par M. Roussille",,,Permitted work (permission simple)
spbk0010238,"Institutions du quartier de réduction, par La Cordière",,,Permitted work (permission simple)
spbk0010239,Institutionum imperatoris Justiniani compendium ad usum,,,Permitted work (permission simple)
spbk0010240,Instruction sur les dispositions qu'on doit apporter aux sacremens de Pénitence et d'eucharistie,,,Permitted work (permission simple)
spbk0010241,"Instruction[s] sur les dimanches et fêtes en général, par M.P.C.",,,Permitted work (permission simple)
spbk0010242,Instructions  et prières chrétiennes à l'usage des pensionnaires des Ursulines,,,Permitted work (permission simple)
spbk0010243,Instructions abrégées sur les devoirs et les exercices du chrétien,,,Permitted work (permission simple)
spbk0010244,"Instructions chrétiennes de la jeunesse en la pieté, tirées de l'écriture sainte et des saints pères, par Charles Gobinet, 1e et 2de parties",,,Permitted work (permission simple)
spbk0010245,Instructions chrétiennes en formes [sic] de lecture et de méditation [i.e. L'Ame élevée á dieu],,,Permitted work (permission simple)
spbk0010246,Instructions chrétiennes pour la première communion,,,Permitted work (permission simple)
spbk0010247,Instructions chrétiennes pour les jeunes gens,,,Permitted work (permission simple)
spbk0010248,"Instructions chrétiennes sur les principales actions de la journée, par le père Beaufils, avec l'ord.re [l'ordinaire] de la messe",,,Permitted work (permission simple)
spbk0010249,Instructions de la jeunesse,,,Permitted work (permission simple)
spbk0010250,"Instructions du pilote, par La Cordière",,,Permitted work (permission simple)
spbk0010251,"Instructions et prières po. [?pour] la sinate messe, pour la confession et la communion, par J. B. La Salle, instituteur des écoles chrétiennes  ",,,Permitted work (permission simple)
spbk0010252,Instructions familières sur l'oraison mentale,,,Permitted work (permission simple)
spbk0010253,"Instructions familières, dogmatiques et morales sur les quatre parties de la doctrine chrétienne, par M. Henri, curé de Surice",,,Permitted work (permission simple)
spbk0010255,"Instructions générales en forme de cathéchisme, par M Colbert,évêque de Montpellier",,,Permitted work (permission simple)
spbk0010256,"Instructions pour la confirmation, etc, par Regnault",,,Permitted work (permission simple)
spbk0010257,"Instructions pour les dimanches et fêtes de l'année imprimées par ordre de M. François duc de Fitjames [Fitz-James], évêque de Soissons",,,Permitted work (permission simple)
spbk0010258,"Instructions sur la première communion, par M. l'abbé Renault",,,Permitted work (permission simple)
spbk0010259,"Instructions sur les conventions, ou Notions simples sur les engagements qu'on peut parler dans la société",,,Permitted work (permission simple)
spbk0010260,Instructions sur les fonctions du ministère pastoral,,,Permitted work (permission simple)
spbk0010261,"Instructions sur les principales vérités de la religion et sur les principaux devoirs du Christianisme, par l'évêque de Toul",,,Permitted work (permission simple)
spbk0010263,Instructions sur les procés verbaux de saisie pour le tabac du 9 mars 1731,,,Permitted work (permission simple)
spbk0010264,"Introduction à la vie dévote, de saint François de Salle",,,Permitted work (permission simple)
spbk0010265,"Introduction à la vie intérieure, avec un traité sur le bonheur de l'âme qui a trouvé dieu dans l'oraison, etc., etc",,,Permitted work (permission simple)
spbk0010266,"Introduction auz saints ministères, par M Maugin",,,Permitted work (permission simple)
spbk0010267,"Jardin des racines grecques (pe), par MM. de Port Royal",,,Permitted work (permission simple)
spbk0010268,Jardinier solitaire,,,Permitted work (permission simple)
spbk0010269,"Jésus Christ, le modèle des chrétiens",,,Permitted work (permission simple)
spbk0010270,"Jo. Gottl. Heineccii jure consulti quondam celeberrimi, etc. etc. etc.",,,Permitted work (permission simple)
spbk0010271,Journal chrétien,,,Permitted work (permission simple)
spbk0010272,"Journal des saints et Méditations, par le p. Grosex",,,Permitted work (permission simple)
spbk0010273,Journée chrétienne: ou l'on trouvera des regles pour vivre saintement dans tous les états & dans toutes les conditions,,,Permitted work (permission simple)
spbk0010274,Journée sainte (La),,,Permitted work (permission simple)
spbk0010275,Jurisprudence civile de La Combe,,,Permitted work (permission simple)
spbk0010276,Juvenalis (D. Junii) Satyrae omni obscenitate expurgatae,,,Permitted work (permission simple)
spbk0010277,Juvenalis et Persii satirae,,,Permitted work (permission simple)
spbk0010278,"Filli di Sciro (La), favola pastorale, del conte Guido Ubaldo de Bonarelli [I Filli d Sciro]",,,Permitted work (permission simple)
spbk0010279,Pratique (la) de l'amour de dieu et de notre seigneur J.C. [Jésus Christ],,,Permitted work (permission simple)
spbk0010280,"Sechia [Secchia] rupita (la), del signore Alessandro Tassoni",,,Permitted work (permission simple)
spbk0010281,Voix (la) de la nature,,,Permitted work (permission simple)
spbk0010282,"Aimable mère (l') de Jésus, par Doubeilh",,,Permitted work (permission simple)
spbk0010283,"Ame (l') embrasée de l'amour divin, par son union aux sacrés coeurs de Jésus et Marie, etc",,,Permitted work (permission simple)
spbk0010284,"Ame (l') pénitente, ou le Nouveaux pensez-y bien: considération[s] sur les vérités éternelles",,,Permitted work (permission simple)
spbk0010285,Ame (l') religieuse élevééee à la perfection,,,Permitted work (permission simple)
spbk0010286,"Ame (l') sanctifée, ou la Religion pratique pour la perfection de toutes les actions de la vie",,,Permitted work (permission simple)
spbk0010287,"Ame (l') seule avec dien, avec l'Ame intérieure",,,Permitted work (permission simple)
spbk0010288,"Ame (l') sur le calvaire trouvant aux pieds de la croix, etc",,,Permitted work (permission simple)
spbk0010289,Art(l') d'instruire et de toucher les âmes dans le tribunal de la pénitence,,,Permitted work (permission simple)
spbk0010290,Lazari Riverii profess. med. Montpel. [Montpellier] opera medica universa ,,,Permitted work (permission simple)
spbk0010291,Directeur spirituel (le) des âmes dévotes et religieuses tiré des écrits de saint François de Sales,,,Permitted work (permission simple)
spbk0010292,"Jardinier (le) portatif, ou la Culture des quatre classes de l'éducation des fleurs",,,Permitted work (permission simple)
spbk0010293,"Jardinier (le) fleuriste pour la culture universalle des fleurs, par M. Leger [sic]",,,Permitted work (permission simple)
spbk0010294,Livre (le) du chrétien,,,Permitted work (permission simple)
spbk0010295,Paradis (le) de âmes xtiennes [chrétiennes],,,Permitted work (permission simple)
spbk0010296,"Voyage (le) du pasteur de la nuit de noël, par dom Jean Palafoy, Evêq.e [évêque]",,,Permitted work (permission simple)
spbk0010297,"Lettres familières (les) de Cicéron, avec les lettres de Pline, lat. et fran.",,,Permitted work (permission simple)
spbk0010298,Règles de la bienséance (les) et de la civilité chrétienne,,,Permitted work (permission simple)
spbk0010299,Sages entretiens (les) d'une âme qui aime son salut,,,Permitted work (permission simple)
spbk0010300,Saisons (les) de Thompson,,,Permitted work (permission simple)
spbk0010301,"Lettres de Cicéron à Atticus, traduites par l'abbé Mongault",,,Permitted work (permission simple)
spbk0010302,Lettres historiques et galantes de madame Du Noyer,,,Permitted work (permission simple)
spbk0010303,"Hypocrite (l') démasqué, ou Félix et Colombe",,,Permitted work (permission simple)
spbk0010304,"Illustre malheureuse (l'), ou la Comtesse de Jannissanta",,,Permitted work (permission simple)
spbk0010305,Imitation (l') de la trés sainte vierge,,,Permitted work (permission simple)
spbk0010306,"Italia (l') liberata da['] Goti, poema del Giangiorgio Trissino",,,Permitted work (permission simple)
spbk0010307,"Livre de prières des juifs allemands, imprimé en hébreu",,,Permitted work (permission simple)
spbk0010308,Livre (le) des enfans,,,Permitted work (permission simple)
spbk0010309,"Livre des enfants, ou Idées générales des définitions des choses",,,Permitted work (permission simple)
spbk0010310,"Livre pour apprendre à bien lire le français avec les principes de la langue, etc",,,Permitted work (permission simple)
spbk0010311,"Lois des bâtiments suivant la coutume de Paris, par Desgodets, avec les notes de Goupy",,,Permitted work (permission simple)
spbk0010312,Lucain,,,Permitted work (permission simple)
spbk0010313,Luciani opera,,,Permitted work (permission simple)
spbk0010314,"Ludovici Dureti Segusiani interpretationes et enarrationes in magni Hyp[p]ocratis Coacas pr[a]enotiones, curante, qui et praefationem adjecit Adriano Peleryn Chrou[h]et, med. doct.",,,Permitted work (permission simple)
spbk0010315,Lusus allegoricus,,,Permitted work (permission simple)
spbk0010316,Manoeuvre des vaisseaux,,,Permitted work (permission simple)
spbk0010317,Manuel de dévotion,,,Permitted work (permission simple)
spbk0010318,Manuel des grammairiens,,,Permitted work (permission simple)
spbk0010319,Manuel du chrétien pour les temps des missions,,,Permitted work (permission simple)
spbk0010320,"Manuel du chrétien, contenant le livre des psaumes, le Nouveau testament et l'Imitation de Jésus Christ, avec l'ordre [ordinaire] de la messe",,,Permitted work (permission simple)
spbk0010321,"Maximes pour se conduire dans le monde, par l'abbé Clément",,,Permitted work (permission simple)
spbk0010322,Maximes tirées de l'écriture sainte en latin et en français,,,Permitted work (permission simple)
spbk0010323,Maximes tirées du nouveau testament pout l'instruction de la jeunesse,,,Permitted work (permission simple)
spbk0010324,Médecine et chirigie des pauvres,,,Permitted work (permission simple)
spbk0010325,"Mémoires chronologiques et dogmatiques pour servir à l'histoire ecclésiastique depuis 1600, par le père d'Avrigny",,,Permitted work (permission simple)
spbk0010326,"Mémoires de Cécile, par M. de La Place",,,Permitted work (permission simple)
spbk0010327,"Mémoires de Gram[m]ont, par Hamilton",,,Permitted work (permission simple)
spbk0010328,"Mémoires de miladi Varmonti, comtesse de Barneshau",,,Permitted work (permission simple)
spbk0010329,Mémoires pour servir à l'histoire universelle de l'Europe depuis 1600 jusqu'en 1716,,,Permitted work (permission simple)
spbk0010330,Méthode excellente et facile à un chrétien pour honorer la sainte vierge,,,Permitted work (permission simple)
spbk0010331,"Méthode pour apprendre facilement à parler, lire et écrire l'angalis",,,Permitted work (permission simple)
spbk0010332,Méthode pour converser avec dieu,,,Permitted work (permission simple)
spbk0010333,"Méthode, ou Conduite chrétienne pour passer saintement la vie",,,Permitted work (permission simple)
spbk0010334,"Mille et un quart d'heure, contes tartares",,,Permitted work (permission simple)
spbk0010335,"Mille et une heure, contes péruviens",,,Permitted work (permission simple)
spbk0010336,"Mille et une soirées (Les ), contes mogols",,,Permitted work (permission simple)
spbk0010337,Missale defunctorum juxta usum sanctae romanae ecclesiae,,,Permitted work (permission simple)
spbk0010338,Mois de Marie (Le),,,Permitted work (permission simple)
spbk0010339,Monita et colloquia,,,Permitted work (permission simple)
spbk0010340,Morale chrétienne en forme de méditation et vie chrétienne,,,Permitted work (permission simple)
spbk0010341,"Morceaux d'Homère, d'Anacréon et d'Issocrate",,,Permitted work (permission simple)
spbk0010342,Moyens (Les) de connaître la vérité dans l'église,,,Permitted work (permission simple)
spbk0010343,New Testament / Nouveau Testament (Catholic editions),,,Permitted work (permission simple)
spbk0010344,Nouveau manuel du saint sacrement,,,Permitted work (permission simple)
spbk0010345,Nouveau missionaire du clergé,,,Permitted work (permission simple)
spbk0010346,Nouveau recueil de cantiques spirituels,,,Permitted work (permission simple)
spbk0010347,Nouveau traité de la civilité chrétienne,,,Permitted work (permission simple)
spbk0010348,Nouveaux rudimens à l'usage de Clermont-Ferrand,,,Permitted work (permission simple)
spbk0010349,Nouveaux rudimens de la langue latine,,,Permitted work (permission simple)
spbk0010350,"Nouvelle instructions, ou Style général de hussiers et sergents, etc",,,Permitted work (permission simple)
spbk0010351,Nouvelle journée du chrétien,,,Permitted work (permission simple)
spbk0010352,Nouvelle méthode pour la langue latine à l'usage des collèges,,,Permitted work (permission simple)
spbk0010353,"Nouvelle méthode, ou Nouveaux rudimen de la lange latine à l'usage du collège de Clermont",,,Permitted work (permission simple)
spbk0010354,"Nouvelle méthode, ou Particules à l'usage des collèges",,,Permitted work (permission simple)
spbk0010355,Oeuvres choisies,,,Permitted work (permission simple)
spbk0010356,"Oeuvres choisies de La Fontaine, sans les fables",,,Permitted work (permission simple)
spbk0010357,Oeuvres choisies de madame Deshoulières,,,Permitted work (permission simple)
spbk0010358,Oeuvres choisies de Piron,,,Permitted work (permission simple)
spbk0010360,"Oeuvres de Charles Dumoulin, augmentées des notes de Rassicot",,,Permitted work (permission simple)
spbk0010361,Oeuvres de madame Graffigny,,,Permitted work (permission simple)
spbk0010362,Oeuvres de Bossuet. Edition de Liège,,,Permitted work (permission simple)
spbk0010363,Oeuvres de Regnard,,,Permitted work (permission simple)
spbk0010364,Oeuvres de Ricard,,,Permitted work (permission simple)
spbk0010365,"Oeuvres du chancelier Bacon, précédées de sa vie",,,Permitted work (permission simple)
spbk0010366,Oeuvres spirituelles du père Vincent Huby de la compagnie de Jésus,,,Permitted work (permission simple)
spbk0010367,Office de la sainte mère de dieu,,,Permitted work (permission simple)
spbk0010368,Office de la sainte vierge suivi d'une méthode facile pour apprendre les lectures et prononciations françaises,,,Permitted work (permission simple)
spbk0010369,Office de la vierge à l'usage du Mans,,,Permitted work (permission simple)
spbk0010370,Office de la vierge Marie,,,Permitted work (permission simple)
spbk0010371,Office de notre dame à l'usage de Rome,,,Permitted work (permission simple)
spbk0010372,Office de notre dame à l'usage des écoles,,,Permitted work (permission simple)
spbk0010373,Office divin latin et français,,,Permitted work (permission simple)
spbk0010374,"Office du nom et couronnement de la sainte vierge, latin et français",,,Permitted work (permission simple)
spbk0010375,"Offices de l'église, latin et français, à l'usage de Rome",,,Permitted work (permission simple)
spbk0010376,Officina latinitatis,,,Permitted work (permission simple)
spbk0010377,Orationes ex Livio selectiones ad usum alumnorum,,,Permitted work (permission simple)
spbk0010378,"Orationes ex Sallustii, Livii, Curtii et Taciti historiis collectae",,,Permitted work (permission simple)
spbk0010379,Ordinaire de la messe,,,Permitted work (permission simple)
spbk0010380,Ordonnance de Louix XIV ... sur les gabelles,,,Permitted work (permission simple)
spbk0010381,"Ordonnance des testamens, donations et substitutions commentées par Serres",,,Permitted work (permission simple)
spbk0010382,Ordonnances de Lorraine,,,Permitted work (permission simple)
spbk0010383,Ordonnances des eaux et forêt ,,,Permitted work (permission simple)
spbk0010384,"Orlando in[n]amorato, di Matteo Mario Boiardo, rifato da Fr. Berni",,,Permitted work (permission simple)
spbk0010385,Ornemens de la mémoire,,,Permitted work (permission simple)
spbk0010386,Ouvrage de six jours,,,Permitted work (permission simple)
spbk0010387,"Ovidii flosculi, Choix de poésies d'Ovide",,,Permitted work (permission simple)
spbk0010388,Ovidii opera,,,Permitted work (permission simple)
spbk0010389,Palais (le) de l'amant divin,,,Permitted work (permission simple)
spbk0010390,Panégérique de La Rue et Oraisons funèbres,,,Permitted work (permission simple)
spbk0010391,Parabolae selectae é libris sapientiae,,,Permitted work (permission simple)
spbk0010392,Parfait adorateur (Le),,,Permitted work (permission simple)
spbk0010393,Parfait adorateur du coeur de J. [Jésus],,,Permitted work (permission simple)
spbk0010394,Paroissien (le) à l'usage de Sens et de Rome,,,Permitted work (permission simple)
spbk0010395,Particules de Bistac,,,Permitted work (permission simple)
spbk0010396,Particules et délices de la langue latine,,,Permitted work (permission simple)
spbk0010397,Passages de l'écriture sainte,,,Permitted work (permission simple)
spbk0010398,Paterculus (Caïus Velleius),,,Permitted work (permission simple)
spbk0010400,Pèlerinage d'un nouveau chrétien,,,Permitted work (permission simple)
spbk0010401,"Pensées chrétiennes, etc",,,Permitted work (permission simple)
spbk0010402,Pensées sur les plus importantes vérités de la religion et sur les principaux devoirs du Christianisme,,,Permitted work (permission simple)
spbk0010404,Pensez-y bien,,,Permitted work (permission simple)
spbk0010405,Perceptiones rhetoricae,,,Permitted work (permission simple)
spbk0010409,Petit dictionnaire de Joubert,,,Permitted work (permission simple)
spbk0010410,"Petit magasin (le) des enfans, etc",,,Permitted work (permission simple)
spbk0010411,Petit paradis (le) des âmes chrétiennes,,,Permitted work (permission simple)
spbk0010412,Petit parossien (le),,,Permitted work (permission simple)
spbk0010417,Petites heures dites de congrégation à l'usage des frères des écoles,,,Permitted work (permission simple)
spbk0010418,"Phaedri, Augusti Caesaris Liberti, fabularum Aesopiarum libri quinque",,,Permitted work (permission simple)
spbk0010419,Pieux chrétien (le) sanctifié par l'office divin,,,Permitted work (permission simple)
spbk0010420,Plinii Caecilii Secundi novocomensis panegyricus Nervae Trajano Augusto dictus,,,Permitted work (permission simple)
spbk0010421,Plinii secundi de viri illustribus,,,Permitted work (permission simple)
spbk0010422,"Plutarchi Apothegmata [Apophtegmata], selecta loca illustrium romanorum",,,Permitted work (permission simple)
spbk0010423,Poesie dramatiche di Apostolo Zeno,,,Permitted work (permission simple)
spbk0010424,Poésies de Sapho,,,Permitted work (permission simple)
spbk0010425,Pomponius Mela,,,Permitted work (permission simple)
spbk0010426,Praeceptiones rhetoricae par Crevier,,,Permitted work (permission simple)
spbk0010427,Praeceptiones rhetoricae variis exempl. Illustratae,,,Permitted work (permission simple)
spbk0010428,Pratique judiciaire de Lorraine avec les additions,,,Permitted work (permission simple)
spbk0010429,"Précis de la matière médicale, par Lieutaud",,,Permitted work (permission simple)
spbk0010430,"Précis de la médicine practique, par Lieutaud",,,Permitted work (permission simple)
spbk0010431,"Précis des ordonnances, édits [etc.] ... du parlement de Provence",,,Permitted work (permission simple)
spbk0010432,"Préfaces et dissertations sur la Bible, par dom calmet",,,Permitted work (permission simple)
spbk0010433,"Préparation à la mort, par le père Crasset",,,Permitted work (permission simple)
spbk0010434,"Prières à l'usage des écolières ... chez les religieuses de la Congrégation de notre dame, etc",,,Permitted work (permission simple)
spbk0010436,Prières de Sanadon,,,Permitted work (permission simple)
spbk0010437,Prières du pécheur pénitent,,,Permitted work (permission simple)
spbk0010438,"Prières et règles chrétiennes pour toutes les actions de la journée, etc",,,Permitted work (permission simple)
spbk0010439,"Principes de la grammaire, par Gaudin",,,Permitted work (permission simple)
spbk0010440,Principes de la langue latine,,,Permitted work (permission simple)
spbk0010441,Principes de la langue latine à l'usage des collèges,,,Permitted work (permission simple)
spbk0010442,"Principes de la pénitence, ou Vie des pénitens",,,Permitted work (permission simple)
spbk0010443,Principes de la vie spirituelle pour l'instruction de la jeunesse,,,Permitted work (permission simple)
spbk0010444,Principes de versification latine à l'usage des universités,,,Permitted work (permission simple)
spbk0010445,Prônes pour tous les dimanches de l'année,,,Permitted work (permission simple)
spbk0010446,Prosodia latina regulis brevissime comprehensa,,,Permitted work (permission simple)
spbk0010447,Prosodie latine du P. l'abbé,,,Permitted work (permission simple)
spbk0010448,Publii Terentii comoedius expurgata,,,Permitted work (permission simple)
spbk0010449,Quatre fins de l'homme (des),,,Permitted work (permission simple)
spbk0010450,Questions notable[s] du droit décidées ... du parlement de Toulouse,,,Permitted work (permission simple)
spbk0010451,"Questions sur l'ordonnance de 1667, par Rhodier",,,Permitted work (permission simple)
spbk0010452,"Racines grecques, par le P. Pomey",,,Permitted work (permission simple)
spbk0010453,Recherches sur le tissu muqueux,,,Permitted work (permission simple)
spbk0010455,Recueil de diverses pratiques de piété,,,Permitted work (permission simple)
spbk0010456,"Recueil de la noblesse de Bourgogne, Limbourg, Luxembourg, Gueldre etc.",,,Permitted work (permission simple)
spbk0010457,Recueil de particules,,,Permitted work (permission simple)
spbk0010458,"Recueil des ordonnances, édits et déclarations de Louis XV, etc",,,Permitted work (permission simple)
spbk0010459,Règlemens de la confrairie des hommes ... exigée en la paroisse de Moyenvit,,,Permitted work (permission simple)
spbk0010460,"Règlement de la vie, ou Pratique pour mener une vie réglée dans le monde",,,Permitted work (permission simple)
spbk0010462,Règles de la quantité du petit Behout,,,Permitted work (permission simple)
spbk0010463,Regrets d'une âme touchée d'avoir abusé de la sainteté du 'pater',,,Permitted work (permission simple)
spbk0010464,Regula cleri cum preparatione ad mortem,,,Permitted work (permission simple)
spbk0010465,"Regulae accentuum, par le père l'abé",,,Permitted work (permission simple)
spbk0010466,"Retrait sur les vertus de notre Sgr, J.C. [seigneur Jésus Christ]",,,Permitted work (permission simple)
spbk0010467,Retraite du père La Borde,,,Permitted work (permission simple)
spbk0010468,Rime (le) del Petrarca,,,Permitted work (permission simple)
spbk0010469,Petit rituel romain (le),,,Permitted work (permission simple)
spbk0010470,"Roman de la Rose, avec une préface et des notes",,,Permitted work (permission simple)
spbk0010471,Rudimens (les) ou principes élémentaires de la langue latine,,,Permitted work (permission simple)
spbk0010473,Rudimens à l'usage du collège d'Angers,,,Permitted work (permission simple)
spbk0010474,"Rudiments de la langue latine, par Bistac",,,Permitted work (permission simple)
spbk0010475,Sagasse de Charon,,,Permitted work (permission simple)
spbk0010476,Sages entretiens (les) d'une âme qui aime son salut,,,Permitted work (permission simple)
spbk0010477,Saint évangile de Jesus Christ expliqué en méditations pour chaque jour,,,Permitted work (permission simple)
spbk0010478,Saints exercices de la présence de dieu (les),,,Permitted work (permission simple)
spbk0010479,Sallustii (Caii) opera,,,Permitted work (permission simple)
spbk0010480,Secrets des arts et métiers,,,Permitted work (permission simple)
spbk0010481,"Selecta Ciceroniis precepta, avec notes",,,Permitted work (permission simple)
spbk0010482,Selecta latini sermonis exemplaria é scriptoribus probatissimis excerpta,,,Permitted work (permission simple)
spbk0010483,Bible stories / Selections from the Bible (Catholic editions),,,Permitted work (permission simple)
spbk0010484,"Selectae è profanis scriptoribus, & c., par Chompré",,,Permitted work (permission simple)
spbk0010485,Senecae naturalium questionum,,,Permitted work (permission simple)
spbk0010486,Sentiments de piété par le P. Cheminais,,,Permitted work (permission simple)
spbk0010487,Sentiments d'une âme pénitente sur le psaume 'Miserere',,,Permitted work (permission simple)
spbk0010488,Sermons de Bourdaloue,,,Permitted work (permission simple)
spbk0010489,Sermons de Bretonneau,,,Permitted work (permission simple)
spbk0010490,Sermons de Cheminais,,,Permitted work (permission simple)
spbk0010491,Sermons de Gaspard Terrasson,,,Permitted work (permission simple)
spbk0010492,Sermons de Giroust,,,Permitted work (permission simple)
spbk0010493,Sermons de La Boissière,,,Permitted work (permission simple)
spbk0010494,Sermons de La Roche,,,Permitted work (permission simple)
spbk0010495,Sermons de La Rue,,,Permitted work (permission simple)
spbk0010496,Sermons du père Humbert,,,Permitted work (permission simple)
spbk0010497,"Sévigniana (le), ou Recueil de pensées ingénieuses, anecdotes littéraires, etc",,,Permitted work (permission simple)
spbk0010498,Stations de Jérusalem (les) pour servir d'entretien sur la passion,,,Permitted work (permission simple)
spbk0010499,Sulpitius Severus,,,Permitted work (permission simple)
spbk0010500,Supplément à la bible dite Vence contenant les pièces nouvelles,,,Permitted work (permission simple)
spbk0010501,Syllabaire français à l'usage des écoles,,,Permitted work (permission simple)
spbk0010502,Synonima regis Parnassi,,,Permitted work (permission simple)
spbk0010503,Synonymes françois,,,Permitted work (permission simple)
spbk0010504,"Tableaux et oraisons de la sainte messe avec 35 figures, etc",,,Permitted work (permission simple)
spbk0010505,"Tarif d cubage des bois, etc, par Segondat",,,Permitted work (permission simple)
spbk0010506,Tarif pour cuber les bois quarrés [carrés] et ronds,,,Permitted work (permission simple)
spbk0010507,Terentii (Pub) Adelphi comediae,,,Permitted work (permission simple)
spbk0010508,Terentius cum notis Juvencii,,,Permitted work (permission simple)
spbk0010509,The Complette french Master for ladies and Gentlemen,,,Permitted work (permission simple)
spbk0010510,"Théodule, ou l'Enfant de bénédiction, modèle pour la jeunesse, etc",,,Permitted work (permission simple)
spbk0010511,Théologie morale d'Antoine,,,Permitted work (permission simple)
spbk0010512,"Tibulle, Catulle et Properce",,,Permitted work (permission simple)
spbk0010513,Titi Livii Patavini historiarum ab urbe conditâ decades,,,Permitted work (permission simple)
spbk0010514,Toisage des bois à la marque et selui des bâtiments,,,Permitted work (permission simple)
spbk0010515,"Traduction de Salluste, par M. d'Otteville",,,Permitted work (permission simple)
spbk0010517,Traité conclu à Paris le 21 janvier 1718 ... concernant la Lorraine,,,Permitted work (permission simple)
spbk0010518,"Traité de la confiance en la miséricorde de dieu, par M. l'évêque de Soissons",,,Permitted work (permission simple)
spbk0010519,Traité de la mainmorte et des retraits,,,Permitted work (permission simple)
spbk0010520,Traité de la paix intérieure avec des lettres,,,Permitted work (permission simple)
spbk0010521,Traité de la perfection de l'état ecclésiastique,,,Permitted work (permission simple)
spbk0010522,"Traité de la subrogation, par de Renusson",,,Permitted work (permission simple)
spbk0010523,"Traité de l'amitié, par M' de Sacy",,,Permitted work (permission simple)
spbk0010524,Traité des gains nuptiaux et de survie qui sont en usage dans le pays de droit,,,Permitted work (permission simple)
spbk0010525,Traité des matières criminelles de la Combe,,,Permitted work (permission simple)
spbk0010526,"Traité des opérations de chirurgié, par Henri François le Dran",,,Permitted work (permission simple)
spbk0010527,Traité des successions,,,Permitted work (permission simple)
spbk0010528,Traité pratique de l'inoculation,,,Permitted work (permission simple)
spbk0010529,Transitus animae revertentis ad jugum sanctum Jesu Christi,,,Permitted work (permission simple)
spbk0010530,Trésor de l'âme dévote,,,Permitted work (permission simple)
spbk0010531,Trigonométrié astronomique et maritime,,,Permitted work (permission simple)
spbk0010532,Velleius Paterculus cum notis,,,Permitted work (permission simple)
spbk0010533,"Véritable motif  (le) de confiance que les fidèles doivent avoir dans la sainte vierge, etc ",,,Permitted work (permission simple)
spbk0010534,Vérités de la religion (les),,,Permitted work (permission simple)
spbk0010535,Vesperal (le) pour les laïques,,,Permitted work (permission simple)
spbk0010536,Vie (La) et la légende de saint Jean Baptiste avec celles de tous les apôtres,,,Permitted work (permission simple)
spbk0010537,Vie (La) et les vertus de la soeur Germaine d' Armaing,,,Permitted work (permission simple)
spbk0010538,Vie de Jésus Christ à l'usage des écoles,,,Permitted work (permission simple)
spbk0010539,Vie de M. Chauleau,,,Permitted work (permission simple)
spbk0010540,Vie de sainte Hélène (La),,,Permitted work (permission simple)
spbk0010541,Vie des saints (La) abrégée,,,Permitted work (permission simple)
spbk0010542,Vie des saints pour tous les jours de l'année,,,Permitted work (permission simple)
spbk0010543,"Vie des trois Maries (La), de leur mère, de leurs enfants et de leurs maris",,,Permitted work (permission simple)
spbk0010544,Vies des saints,,,Permitted work (permission simple)
spbk0010545,"Virginie, ou la Vierge chrétienne",,,Permitted work (permission simple)
spbk0010546,Visite au sainte sacrement et à la sainte vierge,,,Permitted work (permission simple)
spbk0010547,Voyage et retour de Saint-Cloud par mer et par terre,,,Permitted work (permission simple)
spbk0010548,"Voyages de Cirus [Cyrus], en anglais et en français",,,Permitted work (permission simple)
spbk0010549,Vraie méthode (la) pour enseigner à lire,,,Permitted work (permission simple)
spbk0010550,Dévotion au sacré coeur de Jésus,,,Permitted work (permission simple)
spbk0010551,"Retraites et réflexions, du père Croisset",,,Permitted work (permission simple)
spbk0010552,"Exercice de piété, par le père Eudes",,,Permitted work (permission simple)
spbk0010553,"Isocrates ad Nicodem, ad Demonicon, panegerica [ panegyrico] oratio",,,Permitted work (permission simple)
spbk0010554,"Traité des servitudes réelles, etc, par M. La Laure",,,Permitted work (permission simple)
spbk0010555,"Histoire du roi Henri le grand, par Mr Hardouin Péréfixe",,,Permitted work (permission simple)
spbk0010556,Elévation du chrétien malade et mourant,,,Permitted work (permission simple)
spbk0010557,Sermons du père Perrin,,,Permitted work (permission simple)
spbk0010558,Sermons choisis du révérend P.P.,,,Permitted work (permission simple)
spbk0010559,Il Morgante maggiore del Pulci,,,Permitted work (permission simple)
spbk0010560,Opéra (les) de Quinault,,,Permitted work (permission simple)
spbk0010561,Préceptes de rhétorique tirés Quintilien,,,Permitted work (permission simple)
spbk0010562,Recherches sur la nature et les causes de la richesse des nations,,,Permitted work (permission simple)
spbk0010563,"Parabolae evangelicae, [mysteriae et documenta Christi…] de Vallart",,,Permitted work (permission simple)
spbk0010564,"Mémoires de Marguerite de Valois, reine de France et de Navarre",,,Permitted work (permission simple)
spbk0010565,"Dialogues (les) de Venterre, latin et français",,,Permitted work (permission simple)
spbk0010566,Aurelius Victor,,,Permitted work (permission simple)
spbk0010567,"Art (l') de precher, par l'abbé de Villiers",,,Permitted work (permission simple)
spbk0010568,Fondemens de la vie spirituelle [tirés du livre de l'Imitation de Jésus Christ],,,Permitted work (permission simple)
spbk0010569,Bible (Catholic editions),,,Permitted work (permission simple)
zspbk0010574,Apocrypha (Catholic editions) [Bible],,,
zspbk0010575,Apocrypha (Other denominational editions)  [Bible],,,
zspbk0010576,Apocrypha (Protestant editions) [Bible],,,
zspbk0010577,Apocrypha (Unknown denomination)  [Bible],,,
zspbk0010578,Bible (Other denominational editions),,,
zspbk0010579,Bible (Unknown denomination),,,
zspbk0010580,Bible stories / Selections from the Bible (Other denominational editions),,,
zspbk0010581,Bible stories / Selections from the Bible (Protestant editions),,,
zspbk0010582,Bible stories / Selections from the Bible (Unknown denominations),,,
zspbk0010583,Gospels / Evangiles (Catholic editions)  [Bible],,,
zspbk0010584,Gospels / Evangiles (Other denominational editions)  [Bible],,,
zspbk0010585,Gospels / Evangiles (Protestant editions)  [Bible],,,
zspbk0010586,Gospels / Evangiles (Unknown denomination)  [Bible],,,
zspbk0010587,Miscellanous Biblical books or sections (Protestant editions)  [Bible],,,
zspbk0010588,Miscellanous Biblical books or sections (Catholic editions)  [Bible],,,
zspbk0010589,Miscellanous Biblical books or sections (Other denominational editions) [Bible],,,
zspbk0010590,Miscellanous Biblical books or sections (Unknown denomination) [Bible],,,
zspbk0010591,New Testament / Nouveau Testament (Other denominational editions)  [Bible],,,
zspbk0010592,New Testament / Nouveau Testament (Unknown denomination)  [Bible],,,
zspbk0010593,Old Testament / Ancien Testament (Other denominational editions)  [Bible],,,
zspbk0010594,Old Testament / Ancien Testament (Protestant editions)  [Bible],,,
zspbk0010595,Old Testament / Ancien Testament (Unknown denomination)  [Bible],,,
zspbk0010596,Psalms / Psaumes / Psautier (Other denominational editions)  [Bible],,,
zspbk0010597,Psalms / Psaumes / Psautier (Unknown denomination)  [Bible],,,
zspbk0010598,Tanakh (Hebrew editions)  [Bible],,,
zspbk0010599,Torah [Pentateuch] (Hebrew editions)  [Bible],,,
zspbk0010600,Children's Bible (Catholic editions),,,
zspbk0010601,Children's Bible (Protestant editions),,,
zspbk0010602,Children's Bible (Other demoninational editions),,,
zspbk0010603,Children's Bible (Unknown demonination),,,